mc	mn	quarterbeats	quarterbeats_all_endings	duration_qb	mc_onset	mn_onset	timesig	staff	voice	duration	gracenote	nominal_duration	scalar	tied	tpc	midi	name	octave	chord_id
1	0	0	0	1.0	0	1/2	3/4	2	1	1/4		1/4	1		2	50	D3	3	1
1	0	0	0	1.0	0	1/2	3/4	2	1	1/4		1/4	1		3	57	A3	3	1
1	0	0	0	1.0	0	1/2	3/4	1	1	1/4		1/4	1		2	62	D4	4	0
1	0	0	0	1.0	0	1/2	3/4	1	1	1/4		1/4	1		6	66	F#4	4	0
2	1	1	1	0.0	0	0	3/4	1	1	0	grace16	1/16	1		5	71	B4	4	2
2	1	1	1	0.0	0	0	3/4	1	1	0	grace16	1/16	1		3	69	A4	4	3
2	1	1	1	0.5	0	0	3/4	2	1	1/8		1/8	1		4	52	E3	3	8
2	1	1	1	0.5	0	0	3/4	2	1	1/8		1/8	1		3	57	A3	3	8
2	1	1	1	0.5	0	0	3/4	1	1	1/8		1/8	1		7	61	C#4	4	4
2	1	1	1	0.5	0	0	3/4	1	1	1/8		1/8	1		1	67	G4	4	4
2	1	7/4	7/4	0.25	3/16	3/16	3/4	2	1	1/16		1/16	1		9	51	D#3	3	9
2	1	7/4	7/4	0.25	3/16	3/16	3/4	2	1	1/16		1/16	1		3	57	A3	3	9
2	1	7/4	7/4	0.25	3/16	3/16	3/4	1	1	1/16		1/16	1		7	61	C#4	4	5
2	1	7/4	7/4	0.25	3/16	3/16	3/4	1	1	1/16		1/16	1		6	66	F#4	4	5
2	1	2	2	1.0	1/4	1/4	3/4	2	1	1/4		1/4	1		4	52	E3	3	10
2	1	2	2	1.0	1/4	1/4	3/4	2	1	1/4		1/4	1		3	57	A3	3	10
2	1	2	2	1.0	1/4	1/4	3/4	1	1	1/4		1/4	1		7	61	C#4	4	6
2	1	2	2	1.0	1/4	1/4	3/4	1	1	1/4		1/4	1		1	67	G4	4	6
2	1	3	3	1.0	1/2	1/2	3/4	2	1	1/4		1/4	1		1	55	G3	3	11
2	1	3	3	1.0	1/2	1/2	3/4	2	1	1/4		1/4	1		3	57	A3	3	11
2	1	3	3	1.0	1/2	1/2	3/4	1	1	1/4		1/4	1		7	61	C#4	4	7
2	1	3	3	1.0	1/2	1/2	3/4	1	1	1/4		1/4	1		5	71	B4	4	7
3	2	4	4	0.5	0	0	3/4	2	1	1/8		1/8	1		6	54	F#3	3	14
3	2	4	4	0.5	0	0	3/4	2	1	1/8		1/8	1		3	57	A3	3	14
3	2	4	4	2.0	0	0	3/4	1	1	1/2		1/2	1		2	62	D4	4	12
3	2	4	4	2.0	0	0	3/4	1	1	1/2		1/2	1		3	69	A4	4	12
3	2	19/4	19/4	0.25	3/16	3/16	3/4	2	1	1/16		1/16	1		11	53	E#3	3	15
3	2	19/4	19/4	0.25	3/16	3/16	3/4	2	1	1/16		1/16	1		3	57	A3	3	15
3	2	5	5	1.0	1/4	1/4	3/4	2	1	1/4		1/4	1		6	54	F#3	3	16
3	2	5	5	1.0	1/4	1/4	3/4	2	1	1/4		1/4	1		3	57	A3	3	16
3	2	6	6	1.0	1/2	1/2	3/4	2	1	1/4		1/4	1		6	54	F#3	3	17
3	2	6	6	1.0	1/2	1/2	3/4	2	1	1/4		1/4	1		3	57	A3	3	17
3	2	6	6	1.0	1/2	1/2	3/4	1	1	1/4		1/4	1		3	69	A4	4	13
3	2	6	6	1.0	1/2	1/2	3/4	1	1	1/4		1/4	1		2	74	D5	5	13
4	3	7	7	0.5	0	0	3/4	2	1	1/8		1/8	1		4	52	E3	3	22
4	3	7	7	0.5	0	0	3/4	2	1	1/8		1/8	1		3	57	A3	3	22
4	3	7	7	0.5	0	0	3/4	1	1	1/8		1/8	1		1	67	G4	4	18
4	3	7	7	0.5	0	0	3/4	1	1	1/8		1/8	1		7	73	C#5	5	18
4	3	31/4	31/4	0.25	3/16	3/16	3/4	2	1	1/16		1/16	1		2	50	D3	3	23
4	3	31/4	31/4	0.25	3/16	3/16	3/4	2	1	1/16		1/16	1		3	57	A3	3	23
4	3	31/4	31/4	0.25	3/16	3/16	3/4	1	1	1/16		1/16	1		6	66	F#4	4	19
4	3	31/4	31/4	0.25	3/16	3/16	3/4	1	1	1/16		1/16	1		5	71	B4	4	19
4	3	8	8	1.0	1/4	1/4	3/4	2	1	1/4		1/4	1		7	49	C#3	3	24
4	3	8	8	1.0	1/4	1/4	3/4	2	1	1/4		1/4	1		3	57	A3	3	24
4	3	8	8	1.0	1/4	1/4	3/4	1	1	1/4		1/4	1		4	64	E4	4	20
4	3	8	8	1.0	1/4	1/4	3/4	1	1	1/4		1/4	1		3	69	A4	4	20
4	3	9	9	1.0	1/2	1/2	3/4	2	1	1/4		1/4	1		3	45	A2	2	25
4	3	9	9	1.0	1/2	1/2	3/4	2	1	1/4		1/4	1		3	57	A3	3	25
4	3	9	9	1.0	1/2	1/2	3/4	1	1	1/4		1/4	1		1	67	G4	4	21
4	3	9	9	1.0	1/2	1/2	3/4	1	1	1/4		1/4	1		3	69	A4	4	21
4	3	9	9	1.0	1/2	1/2	3/4	1	1	1/4		1/4	1		1	79	G5	5	21
5	4	10	10	0.5	0	0	3/4	2	1	1/8		1/8	1		2	50	D3	3	30
5	4	10	10	0.5	0	0	3/4	2	1	1/8		1/8	1		3	57	A3	3	30
5	4	10	10	0.5	0	0	3/4	1	1	1/8		1/8	1		6	66	F#4	4	26
5	4	10	10	0.5	0	0	3/4	1	1	1/8		1/8	1		2	74	D5	5	26
5	4	10	10	0.5	0	0	3/4	1	1	1/8		1/8	1		6	78	F#5	5	26
5	4	43/4	43/4	0.25	3/16	3/16	3/4	2	1	1/16		1/16	1		4	52	E3	3	31
5	4	43/4	43/4	0.25	3/16	3/16	3/4	2	1	1/16		1/16	1		3	57	A3	3	31
5	4	43/4	43/4	0.25	3/16	3/16	3/4	1	1	1/16		1/16	1		1	67	G4	4	27
5	4	43/4	43/4	0.25	3/16	3/16	3/4	1	1	1/16		1/16	1		7	73	C#5	5	27
5	4	43/4	43/4	0.25	3/16	3/16	3/4	1	1	1/16		1/16	1		4	76	E5	5	27
5	4	11	11	1.0	1/4	1/4	3/4	2	1	1/4		1/4	1		6	54	F#3	3	32
5	4	11	11	1.0	1/4	1/4	3/4	2	1	1/4		1/4	1		3	57	A3	3	32
5	4	11	11	1.0	1/4	1/4	3/4	1	1	1/4		1/4	1		3	69	A4	4	28
5	4	11	11	1.0	1/4	1/4	3/4	1	1	1/4		1/4	1		2	74	D5	5	28
5	4	12	12	1.0	1/2	1/2	3/4	2	1	1/4		1/4	1		2	50	D3	3	33
5	4	12	12	1.0	1/2	1/2	3/4	2	1	1/4		1/4	1		3	57	A3	3	33
5	4	12	12	1.0	1/2	1/2	3/4	1	1	1/4		1/4	1		2	62	D4	4	29
5	4	12	12	1.0	1/2	1/2	3/4	1	1	1/4		1/4	1		6	66	F#4	4	29
6	5	13	13	0.0	0	0	3/4	1	1	0	grace16	1/16	1		5	71	B4	4	34
6	5	13	13	0.0	0	0	3/4	1	1	0	grace16	1/16	1		3	69	A4	4	35
6	5	13	13	0.5	0	0	3/4	2	1	1/8		1/8	1		4	52	E3	3	40
6	5	13	13	0.5	0	0	3/4	2	1	1/8		1/8	1		3	57	A3	3	40
6	5	13	13	0.5	0	0	3/4	1	1	1/8		1/8	1		7	61	C#4	4	36
6	5	13	13	0.5	0	0	3/4	1	1	1/8		1/8	1		1	67	G4	4	36
6	5	55/4	55/4	0.25	3/16	3/16	3/4	2	1	1/16		1/16	1		9	51	D#3	3	41
6	5	55/4	55/4	0.25	3/16	3/16	3/4	2	1	1/16		1/16	1		3	57	A3	3	41
6	5	55/4	55/4	0.25	3/16	3/16	3/4	1	1	1/16		1/16	1		7	61	C#4	4	37
6	5	55/4	55/4	0.25	3/16	3/16	3/4	1	1	1/16		1/16	1		6	66	F#4	4	37
6	5	14	14	1.0	1/4	1/4	3/4	2	1	1/4		1/4	1		4	52	E3	3	42
6	5	14	14	1.0	1/4	1/4	3/4	2	1	1/4		1/4	1		3	57	A3	3	42
6	5	14	14	1.0	1/4	1/4	3/4	1	1	1/4		1/4	1		7	61	C#4	4	38
6	5	14	14	1.0	1/4	1/4	3/4	1	1	1/4		1/4	1		1	67	G4	4	38
6	5	15	15	1.0	1/2	1/2	3/4	2	1	1/4		1/4	1		1	55	G3	3	43
6	5	15	15	1.0	1/2	1/2	3/4	2	1	1/4		1/4	1		3	57	A3	3	43
6	5	15	15	1.0	1/2	1/2	3/4	1	1	1/4		1/4	1		7	61	C#4	4	39
6	5	15	15	1.0	1/2	1/2	3/4	1	1	1/4		1/4	1		5	71	B4	4	39
7	6	16	16	0.5	0	0	3/4	2	1	1/8		1/8	1		6	54	F#3	3	48
7	6	16	16	0.5	0	0	3/4	2	1	1/8		1/8	1		3	57	A3	3	48
7	6	16	16	2.0	0	0	3/4	1	1	1/2		1/2	1		2	62	D4	4	44
7	6	16	16	2.0	0	0	3/4	1	1	1/2		1/2	1		3	69	A4	4	44
7	6	67/4	67/4	0.25	3/16	3/16	3/4	2	1	1/16		1/16	1		11	53	E#3	3	49
7	6	67/4	67/4	0.25	3/16	3/16	3/4	2	1	1/16		1/16	1		3	57	A3	3	49
7	6	17	17	1.0	1/4	1/4	3/4	2	1	1/4		1/4	1		6	54	F#3	3	50
7	6	17	17	1.0	1/4	1/4	3/4	2	1	1/4		1/4	1		3	57	A3	3	50
7	6	18	18	1.0	1/2	1/2	3/4	2	2	1/4		1/4	1		6	54	F#3	3	53
7	6	18	18	0.5	1/2	1/2	3/4	2	1	1/8		1/8	1		3	57	A3	3	51
7	6	18	18	1.0	1/2	1/2	3/4	1	2	1/4		1/4	1		3	69	A4	4	47
7	6	18	18	0.75	1/2	1/2	3/4	1	1	3/16		1/8	3/2		2	74	D5	5	45
7	6	37/2	37/2	0.5	5/8	5/8	3/4	2	1	1/8		1/8	1		5	59	B3	3	52
7	6	75/4	75/4	0.25	11/16	11/16	3/4	1	1	1/16		1/16	1		7	73	C#5	5	46
8	7	19	19	1.0	0	0	3/4	2	2	1/4		1/4	1		4	52	E3	3	68
8	7	19	19	0.5	0	0	3/4	2	1	1/8		1/8	1		7	61	C#4	4	62
8	7	19	19	2.0	0	0	3/4	1	2	1/2		1/2	1		3	69	A4	4	60
8	7	19	19	0.5	0	0	3/4	1	1	1/8		1/8	1		7	73	C#5	5	54
8	7	39/2	39/2	0.5	1/8	1/8	3/4	2	1	1/8		1/8	1		2	62	D4	4	63
8	7	39/2	39/2	0.5	1/8	1/8	3/4	1	1	1/8		1/8	1		2	74	D5	5	55
8	7	20	20	0.5	1/4	1/4	3/4	2	1	1/8		1/8	1		4	64	E4	4	64
8	7	20	20	0.5	1/4	1/4	3/4	1	1	1/8		1/8	1		4	76	E5	5	56
8	7	41/2	41/2	0.5	3/8	3/8	3/4	2	1	1/8		1/8	1		6	66	F#4	4	65
8	7	41/2	41/2	0.5	3/8	3/8	3/4	1	1	1/8		1/8	1		6	78	F#5	5	57
8	7	21	21	1.0	1/2	1/2	3/4	2	2	1/4		1/4	1	1	4	64	E4	4	69
8	7	21	21	0.75	1/2	1/2	3/4	2	1	3/16		1/8	3/2		6	66	F#4	4	66
8	7	21	21	1.0	1/2	1/2	3/4	1	2	1/4		1/4	1	1	2	74	D5	5	61
8	7	21	21	0.75	1/2	1/2	3/4	1	1	3/16		1/8	3/2		6	78	F#5	5	58
8	7	87/4	87/4	0.25	11/16	11/16	3/4	2	1	1/16		1/16	1		8	68	G#4	4	67
8	7	87/4	87/4	0.25	11/16	11/16	3/4	1	1	1/16		1/16	1		8	80	G#5	5	59
9	8	22	22	1.0	0	0	3/4	2	2	1/4		1/4	1	-1	4	64	E4	4	78
9	8	22	22	1.0	0	0	3/4	2	1	1/4		1/4	1		8	68	G#4	4	75
9	8	22	22	1.0	0	0	3/4	1	2	1/4		1/4	1	-1	2	74	D5	5	73
9	8	22	22	1.0	0	0	3/4	1	1	1/4		1/4	1		8	80	G#5	5	70
9	8	23	23	1.0	1/4	1/4	3/4	2	2	1/4		1/4	1		3	57	A3	3	79
9	8	23	23	1.0	1/4	1/4	3/4	2	1	1/4		1/4	1		3	69	A4	4	76
9	8	23	23	1.0	1/4	1/4	3/4	1	2	1/4		1/4	1		7	73	C#5	5	74
9	8	23	23	1.0	1/4	1/4	3/4	1	1	1/4		1/4	1		3	81	A5	5	71
9	8	24	24	1.0	1/2	1/2	3/4	2	1	1/4		1/4	1		2	50	D3	3	77
9	8	24	24	1.0	1/2	1/2	3/4	2	1	1/4		1/4	1		3	57	A3	3	77
9	8	24	24	1.0	1/2	1/2	3/4	1	1	1/4		1/4	1		2	62	D4	4	72
9	8	24	24	1.0	1/2	1/2	3/4	1	1	1/4		1/4	1		6	66	F#4	4	72
10	9	25	25	0.0	0	0	3/4	1	1	0	grace16	1/16	1		5	71	B4	4	80
10	9	25	25	0.0	0	0	3/4	1	1	0	grace16	1/16	1		3	69	A4	4	81
10	9	25	25	0.5	0	0	3/4	2	1	1/8		1/8	1		4	52	E3	3	86
10	9	25	25	0.5	0	0	3/4	2	1	1/8		1/8	1		3	57	A3	3	86
10	9	25	25	0.5	0	0	3/4	1	1	1/8		1/8	1		7	61	C#4	4	82
10	9	25	25	0.5	0	0	3/4	1	1	1/8		1/8	1		1	67	G4	4	82
10	9	103/4	103/4	0.25	3/16	3/16	3/4	2	1	1/16		1/16	1		9	51	D#3	3	87
10	9	103/4	103/4	0.25	3/16	3/16	3/4	2	1	1/16		1/16	1		3	57	A3	3	87
10	9	103/4	103/4	0.25	3/16	3/16	3/4	1	1	1/16		1/16	1		7	61	C#4	4	83
10	9	103/4	103/4	0.25	3/16	3/16	3/4	1	1	1/16		1/16	1		6	66	F#4	4	83
10	9	26	26	1.0	1/4	1/4	3/4	2	1	1/4		1/4	1		4	52	E3	3	88
10	9	26	26	1.0	1/4	1/4	3/4	2	1	1/4		1/4	1		3	57	A3	3	88
10	9	26	26	1.0	1/4	1/4	3/4	1	1	1/4		1/4	1		7	61	C#4	4	84
10	9	26	26	1.0	1/4	1/4	3/4	1	1	1/4		1/4	1		1	67	G4	4	84
10	9	27	27	1.0	1/2	1/2	3/4	2	1	1/4		1/4	1		1	55	G3	3	89
10	9	27	27	1.0	1/2	1/2	3/4	2	1	1/4		1/4	1		3	57	A3	3	89
10	9	27	27	1.0	1/2	1/2	3/4	1	1	1/4		1/4	1		7	61	C#4	4	85
10	9	27	27	1.0	1/2	1/2	3/4	1	1	1/4		1/4	1		5	71	B4	4	85
11	10	28	28	0.5	0	0	3/4	2	1	1/8		1/8	1		6	54	F#3	3	92
11	10	28	28	0.5	0	0	3/4	2	1	1/8		1/8	1		3	57	A3	3	92
11	10	28	28	2.0	0	0	3/4	1	1	1/2		1/2	1		2	62	D4	4	90
11	10	28	28	2.0	0	0	3/4	1	1	1/2		1/2	1		3	69	A4	4	90
11	10	115/4	115/4	0.25	3/16	3/16	3/4	2	1	1/16		1/16	1		11	53	E#3	3	93
11	10	115/4	115/4	0.25	3/16	3/16	3/4	2	1	1/16		1/16	1		3	57	A3	3	93
11	10	29	29	1.0	1/4	1/4	3/4	2	1	1/4		1/4	1		6	54	F#3	3	94
11	10	29	29	1.0	1/4	1/4	3/4	2	1	1/4		1/4	1		3	57	A3	3	94
11	10	30	30	1.0	1/2	1/2	3/4	2	1	1/4		1/4	1		6	54	F#3	3	95
11	10	30	30	1.0	1/2	1/2	3/4	2	1	1/4		1/4	1		3	57	A3	3	95
11	10	30	30	1.0	1/2	1/2	3/4	1	1	1/4		1/4	1		3	69	A4	4	91
11	10	30	30	1.0	1/2	1/2	3/4	1	1	1/4		1/4	1		2	74	D5	5	91
12	11	31	31	0.5	0	0	3/4	2	1	1/8		1/8	1		4	52	E3	3	100
12	11	31	31	0.5	0	0	3/4	2	1	1/8		1/8	1		3	57	A3	3	100
12	11	31	31	0.5	0	0	3/4	1	1	1/8		1/8	1		1	67	G4	4	96
12	11	31	31	0.5	0	0	3/4	1	1	1/8		1/8	1		7	73	C#5	5	96
12	11	127/4	127/4	0.25	3/16	3/16	3/4	2	1	1/16		1/16	1		2	50	D3	3	101
12	11	127/4	127/4	0.25	3/16	3/16	3/4	2	1	1/16		1/16	1		3	57	A3	3	101
12	11	127/4	127/4	0.25	3/16	3/16	3/4	1	1	1/16		1/16	1		6	66	F#4	4	97
12	11	127/4	127/4	0.25	3/16	3/16	3/4	1	1	1/16		1/16	1		5	71	B4	4	97
12	11	32	32	1.0	1/4	1/4	3/4	2	1	1/4		1/4	1		7	49	C#3	3	102
12	11	32	32	1.0	1/4	1/4	3/4	2	1	1/4		1/4	1		3	57	A3	3	102
12	11	32	32	1.0	1/4	1/4	3/4	1	1	1/4		1/4	1		4	64	E4	4	98
12	11	32	32	1.0	1/4	1/4	3/4	1	1	1/4		1/4	1		3	69	A4	4	98
12	11	33	33	1.0	1/2	1/2	3/4	2	1	1/4		1/4	1		3	45	A2	2	103
12	11	33	33	1.0	1/2	1/2	3/4	2	1	1/4		1/4	1		3	57	A3	3	103
12	11	33	33	1.0	1/2	1/2	3/4	1	1	1/4		1/4	1		1	67	G4	4	99
12	11	33	33	1.0	1/2	1/2	3/4	1	1	1/4		1/4	1		3	69	A4	4	99
12	11	33	33	1.0	1/2	1/2	3/4	1	1	1/4		1/4	1		1	79	G5	5	99
13	12	34	34	0.5	0	0	3/4	2	1	1/8		1/8	1		2	50	D3	3	108
13	12	34	34	0.5	0	0	3/4	2	1	1/8		1/8	1		3	57	A3	3	108
13	12	34	34	0.5	0	0	3/4	1	1	1/8		1/8	1		6	66	F#4	4	104
13	12	34	34	0.5	0	0	3/4	1	1	1/8		1/8	1		2	74	D5	5	104
13	12	34	34	0.5	0	0	3/4	1	1	1/8		1/8	1		6	78	F#5	5	104
13	12	139/4	139/4	0.25	3/16	3/16	3/4	2	1	1/16		1/16	1		4	52	E3	3	109
13	12	139/4	139/4	0.25	3/16	3/16	3/4	2	1	1/16		1/16	1		3	57	A3	3	109
13	12	139/4	139/4	0.25	3/16	3/16	3/4	1	1	1/16		1/16	1		1	67	G4	4	105
13	12	139/4	139/4	0.25	3/16	3/16	3/4	1	1	1/16		1/16	1		7	73	C#5	5	105
13	12	139/4	139/4	0.25	3/16	3/16	3/4	1	1	1/16		1/16	1		4	76	E5	5	105
13	12	35	35	1.0	1/4	1/4	3/4	2	1	1/4		1/4	1		6	54	F#3	3	110
13	12	35	35	1.0	1/4	1/4	3/4	2	1	1/4		1/4	1		3	57	A3	3	110
13	12	35	35	1.0	1/4	1/4	3/4	1	1	1/4		1/4	1		3	69	A4	4	106
13	12	35	35	1.0	1/4	1/4	3/4	1	1	1/4		1/4	1		2	74	D5	5	106
13	12	36	36	1.0	1/2	1/2	3/4	2	1	1/4		1/4	1		2	50	D3	3	111
13	12	36	36	1.0	1/2	1/2	3/4	2	1	1/4		1/4	1		3	57	A3	3	111
13	12	36	36	1.0	1/2	1/2	3/4	1	1	1/4		1/4	1		2	62	D4	4	107
13	12	36	36	1.0	1/2	1/2	3/4	1	1	1/4		1/4	1		6	66	F#4	4	107
14	13	37	37	0.0	0	0	3/4	1	1	0	grace16	1/16	1		5	71	B4	4	112
14	13	37	37	0.0	0	0	3/4	1	1	0	grace16	1/16	1		3	69	A4	4	113
14	13	37	37	0.5	0	0	3/4	2	1	1/8		1/8	1		4	52	E3	3	118
14	13	37	37	0.5	0	0	3/4	2	1	1/8		1/8	1		3	57	A3	3	118
14	13	37	37	0.5	0	0	3/4	1	1	1/8		1/8	1		7	61	C#4	4	114
14	13	37	37	0.5	0	0	3/4	1	1	1/8		1/8	1		1	67	G4	4	114
14	13	151/4	151/4	0.25	3/16	3/16	3/4	2	1	1/16		1/16	1		9	51	D#3	3	119
14	13	151/4	151/4	0.25	3/16	3/16	3/4	2	1	1/16		1/16	1		3	57	A3	3	119
14	13	151/4	151/4	0.25	3/16	3/16	3/4	1	1	1/16		1/16	1		7	61	C#4	4	115
14	13	151/4	151/4	0.25	3/16	3/16	3/4	1	1	1/16		1/16	1		6	66	F#4	4	115
14	13	38	38	1.0	1/4	1/4	3/4	2	1	1/4		1/4	1		4	52	E3	3	120
14	13	38	38	1.0	1/4	1/4	3/4	2	1	1/4		1/4	1		3	57	A3	3	120
14	13	38	38	1.0	1/4	1/4	3/4	1	1	1/4		1/4	1		7	61	C#4	4	116
14	13	38	38	1.0	1/4	1/4	3/4	1	1	1/4		1/4	1		1	67	G4	4	116
14	13	39	39	1.0	1/2	1/2	3/4	2	1	1/4		1/4	1		1	55	G3	3	121
14	13	39	39	1.0	1/2	1/2	3/4	2	1	1/4		1/4	1		3	57	A3	3	121
14	13	39	39	1.0	1/2	1/2	3/4	1	1	1/4		1/4	1		7	61	C#4	4	117
14	13	39	39	1.0	1/2	1/2	3/4	1	1	1/4		1/4	1		5	71	B4	4	117
15	14	40	40	0.5	0	0	3/4	2	1	1/8		1/8	1		6	54	F#3	3	126
15	14	40	40	0.5	0	0	3/4	2	1	1/8		1/8	1		3	57	A3	3	126
15	14	40	40	2.0	0	0	3/4	1	1	1/2		1/2	1		2	62	D4	4	122
15	14	40	40	2.0	0	0	3/4	1	1	1/2		1/2	1		3	69	A4	4	122
15	14	163/4	163/4	0.25	3/16	3/16	3/4	2	1	1/16		1/16	1		11	53	E#3	3	127
15	14	163/4	163/4	0.25	3/16	3/16	3/4	2	1	1/16		1/16	1		3	57	A3	3	127
15	14	41	41	1.0	1/4	1/4	3/4	2	1	1/4		1/4	1		6	54	F#3	3	128
15	14	41	41	1.0	1/4	1/4	3/4	2	1	1/4		1/4	1		3	57	A3	3	128
15	14	42	42	1.0	1/2	1/2	3/4	2	2	1/4		1/4	1		6	54	F#3	3	131
15	14	42	42	0.5	1/2	1/2	3/4	2	1	1/8		1/8	1		3	57	A3	3	129
15	14	42	42	1.0	1/2	1/2	3/4	1	2	1/4		1/4	1		3	69	A4	4	125
15	14	42	42	0.75	1/2	1/2	3/4	1	1	3/16		1/8	3/2		2	74	D5	5	123
15	14	85/2	85/2	0.5	5/8	5/8	3/4	2	1	1/8		1/8	1		5	59	B3	3	130
15	14	171/4	171/4	0.25	11/16	11/16	3/4	1	1	1/16		1/16	1		7	73	C#5	5	124
16	15	43	43	1.0	0	0	3/4	2	2	1/4		1/4	1		4	52	E3	3	146
16	15	43	43	0.5	0	0	3/4	2	1	1/8		1/8	1		7	61	C#4	4	140
16	15	43	43	2.0	0	0	3/4	1	2	1/2		1/2	1		3	69	A4	4	138
16	15	43	43	0.5	0	0	3/4	1	1	1/8		1/8	1		7	73	C#5	5	132
16	15	87/2	87/2	0.5	1/8	1/8	3/4	2	1	1/8		1/8	1		2	62	D4	4	141
16	15	87/2	87/2	0.5	1/8	1/8	3/4	1	1	1/8		1/8	1		2	74	D5	5	133
16	15	44	44	0.5	1/4	1/4	3/4	2	1	1/8		1/8	1		4	64	E4	4	142
16	15	44	44	0.5	1/4	1/4	3/4	1	1	1/8		1/8	1		4	76	E5	5	134
16	15	89/2	89/2	0.5	3/8	3/8	3/4	2	1	1/8		1/8	1		6	66	F#4	4	143
16	15	89/2	89/2	0.5	3/8	3/8	3/4	1	1	1/8		1/8	1		6	78	F#5	5	135
16	15	45	45	1.0	1/2	1/2	3/4	2	2	1/4		1/4	1	1	4	64	E4	4	147
16	15	45	45	0.75	1/2	1/2	3/4	2	1	3/16		1/8	3/2		6	66	F#4	4	144
16	15	45	45	1.0	1/2	1/2	3/4	1	2	1/4		1/4	1	1	2	74	D5	5	139
16	15	45	45	0.75	1/2	1/2	3/4	1	1	3/16		1/8	3/2		6	78	F#5	5	136
16	15	183/4	183/4	0.25	11/16	11/16	3/4	2	1	1/16		1/16	1		8	68	G#4	4	145
16	15	183/4	183/4	0.25	11/16	11/16	3/4	1	1	1/16		1/16	1		8	80	G#5	5	137
17	16	46	46	1.0	0	0	3/4	2	2	1/4		1/4	1	-1	4	64	E4	4	154
17	16	46	46	1.0	0	0	3/4	2	1	1/4		1/4	1		8	68	G#4	4	152
17	16	46	46	1.0	0	0	3/4	1	2	1/4		1/4	1	-1	2	74	D5	5	150
17	16	46	46	1.0	0	0	3/4	1	1	1/4		1/4	1		8	80	G#5	5	148
17	16	47	47	1.0	1/4	1/4	3/4	2	2	1/4		1/4	1		3	57	A3	3	155
17	16	47	47	1.0	1/4	1/4	3/4	2	1	1/4		1/4	1		3	69	A4	4	153
17	16	47	47	1.0	1/4	1/4	3/4	1	2	1/4		1/4	1		7	73	C#5	5	151
17	16	47	47	1.0	1/4	1/4	3/4	1	1	1/4		1/4	1		3	81	A5	5	149
18	16	48	48	1.0	0	1/2	3/4	2	2	1/4		1/4	1		3	57	A3	3	161
18	16	48	48	0.5	0	1/2	3/4	2	1	1/8		1/8	1		4	64	E4	4	159
18	16	48	48	1.0	0	1/2	3/4	1	2	1/4		1/4	1		0	72	C5	5	158
18	16	48	48	0.5	0	1/2	3/4	1	1	1/8		1/8	1		4	76	E5	5	156
18	16	97/2	97/2	0.5	1/8	5/8	3/4	2	1	1/8		1/8	1		6	66	F#4	4	160
18	16	97/2	97/2	0.5	1/8	5/8	3/4	1	1	1/8		1/8	1		6	78	F#5	5	157
19	17	49	49	2.0	0	0	3/4	2	2	1/2		1/2	1		5	59	B3	3	176
19	17	49	49	0.5	0	0	3/4	2	1	1/8		1/8	1		1	67	G4	4	170
19	17	49	49	2.0	0	0	3/4	1	2	1/2		1/2	1		5	71	B4	4	168
19	17	49	49	0.5	0	0	3/4	1	1	1/8		1/8	1		1	79	G5	5	162
19	17	99/2	99/2	0.5	1/8	1/8	3/4	2	1	1/8		1/8	1		3	69	A4	4	171
19	17	99/2	99/2	0.5	1/8	1/8	3/4	1	1	1/8		1/8	1		3	81	A5	5	163
19	17	50	50	0.5	1/4	1/4	3/4	2	1	1/8		1/8	1		1	67	G4	4	172
19	17	50	50	0.5	1/4	1/4	3/4	1	1	1/8		1/8	1		1	79	G5	5	164
19	17	101/2	101/2	0.5	3/8	3/8	3/4	2	1	1/8		1/8	1		6	66	F#4	4	173
19	17	101/2	101/2	0.5	3/8	3/8	3/4	1	1	1/8		1/8	1		6	78	F#5	5	165
19	17	51	51	1.0	1/2	1/2	3/4	2	2	1/4		1/4	1		5	59	B3	3	177
19	17	51	51	0.5	1/2	1/2	3/4	2	1	1/8		1/8	1		1	67	G4	4	174
19	17	51	51	1.0	1/2	1/2	3/4	1	2	1/4		1/4	1		9	75	D#5	5	169
19	17	51	51	0.5	1/2	1/2	3/4	1	1	1/8		1/8	1		1	79	G5	5	166
19	17	103/2	103/2	0.5	5/8	5/8	3/4	2	1	1/8		1/8	1		6	66	F#4	4	175
19	17	103/2	103/2	0.5	5/8	5/8	3/4	1	1	1/8		1/8	1		6	78	F#5	5	167
20	18	52	52	0.5	0	0	3/4	2	2	1/8		1/8	1		0	60	C4	4	185
20	18	52	52	2.0	0	0	3/4	2	1	1/2		1/2	1		4	64	E4	4	183
20	18	52	52	2.0	0	0	3/4	1	2	1/2		1/2	1		0	72	C5	5	181
20	18	52	52	2.0	0	0	3/4	1	1	1/2		1/2	1		4	76	E5	5	178
20	18	105/2	105/2	0.5	1/8	1/8	3/4	2	2	1/8		1/8	1		5	59	B3	3	186
20	18	53	53	0.5	1/4	1/4	3/4	2	2	1/8		1/8	1		3	57	A3	3	187
20	18	107/2	107/2	0.5	3/8	3/8	3/4	2	2	1/8		1/8	1		1	55	G3	3	188
20	18	54	54	0.5	1/2	1/2	3/4	2	2	1/8		1/8	1		1	55	G3	3	189
20	18	54	54	1.0	1/2	1/2	3/4	2	1	1/4		1/4	1	1	2	62	D4	4	184
20	18	54	54	1.0	1/2	1/2	3/4	1	2	1/4		1/4	1		3	69	A4	4	182
20	18	54	54	0.5	1/2	1/2	3/4	1	1	1/8		1/8	1		2	74	D5	5	179
20	18	109/2	109/2	0.5	5/8	5/8	3/4	2	2	1/8		1/8	1		6	54	F#3	3	190
20	18	109/2	109/2	0.5	5/8	5/8	3/4	1	1	1/8		1/8	1		0	72	C5	5	180
21	19	55	55	0.5	0	0	3/4	2	2	1/8		1/8	1		1	55	G3	3	202
21	19	55	55	1.0	0	0	3/4	2	1	1/4		1/4	1	-1	2	62	D4	4	199
21	19	55	55	1.0	0	0	3/4	1	2	1/4		1/4	1		1	67	G4	4	194
21	19	55	55	1.0	0	0	3/4	1	1	1/4		1/4	1		5	71	B4	4	191
21	19	111/2	111/2	0.5	1/8	1/8	3/4	2	2	1/8		1/8	1		6	54	F#3	3	203
21	19	56	56	0.5	1/4	1/4	3/4	2	2	1/8		1/8	1		4	52	E3	3	204
21	19	56	56	1.0	1/4	1/4	3/4	2	1	1/4		1/4	1		0	60	C4	4	200
21	19	56	56	0.5	1/4	1/4	3/4	1	2	1/8		1/8	1		1	67	G4	4	195
21	19	56	56	1.0	1/4	1/4	3/4	1	1	1/4		1/4	1		0	72	C5	5	192
21	19	113/2	113/2	0.5	3/8	3/8	3/4	2	2	1/8		1/8	1		6	54	F#3	3	205
21	19	113/2	113/2	0.5	3/8	3/8	3/4	1	2	1/8		1/8	1		3	69	A4	4	196
21	19	57	57	0.5	1/2	1/2	3/4	2	2	1/8		1/8	1		1	55	G3	3	206
21	19	57	57	1.0	1/2	1/2	3/4	2	1	1/4		1/4	1		5	59	B3	3	201
21	19	57	57	0.5	1/2	1/2	3/4	1	2	1/8		1/8	1		2	62	D4	4	197
21	19	57	57	0.5	1/2	1/2	3/4	1	2	1/8		1/8	1		3	69	A4	4	197
21	19	57	57	1.0	1/2	1/2	3/4	1	1	1/4		1/4	1		5	71	B4	4	193
21	19	115/2	115/2	0.5	5/8	5/8	3/4	2	2	1/8		1/8	1		2	50	D3	3	207
21	19	115/2	115/2	0.5	5/8	5/8	3/4	1	2	1/8		1/8	1		1	67	G4	4	198
22	20	58	58	2.0	0	0	3/4	2	2	1/2		1/2	1		2	50	D3	3	218
22	20	58	58	0.5	0	0	3/4	2	3	1/8		1/8	1		1	55	G3	3	221
22	20	58	58	2.0	0	0	3/4	2	1	1/2		1/2	1		3	57	A3	3	216
22	20	58	58	0.5	0	0	3/4	1	2	1/8		1/8	1		2	62	D4	4	210
22	20	58	58	0.5	0	0	3/4	1	2	1/8		1/8	1		1	67	G4	4	210
22	20	58	58	2.0	0	0	3/4	1	1	1/2		1/2	1		3	69	A4	4	208
22	20	117/2	117/2	0.5	1/8	1/8	3/4	2	3	1/8		1/8	1		6	54	F#3	3	222
22	20	117/2	117/2	0.5	1/8	1/8	3/4	1	2	1/8		1/8	1		6	66	F#4	4	211
22	20	59	59	0.5	1/4	1/4	3/4	2	3	1/8		1/8	1		4	52	E3	3	223
22	20	59	59	0.5	1/4	1/4	3/4	1	2	1/8		1/8	1		4	64	E4	4	212
22	20	119/2	119/2	0.5	3/8	3/8	3/4	2	3	1/8		1/8	1		2	50	D3	3	224
22	20	119/2	119/2	0.5	3/8	3/8	3/4	1	2	1/8		1/8	1		2	62	D4	4	213
22	20	60	60	0.5	1/2	1/2	3/4	2	2	1/8		1/8	1		2	50	D3	3	219
22	20	60	60	1.0	1/2	1/2	3/4	2	1	1/4		1/4	1		3	57	A3	3	217
22	20	60	60	0.5	1/2	1/2	3/4	1	2	1/8		1/8	1		2	62	D4	4	214
22	20	60	60	1.0	1/2	1/2	3/4	1	1	1/4		1/4	1		3	69	A4	4	209
22	20	121/2	121/2	0.5	5/8	5/8	3/4	2	2	1/8		1/8	1		9	51	D#3	3	220
22	20	121/2	121/2	0.5	5/8	5/8	3/4	1	2	1/8		1/8	1		12	60	B#3	3	215
23	21	61	61	0.0	0	0	3/4	1	1	0	grace16	1/16	1		5	71	B4	4	225
23	21	61	61	0.0	0	0	3/4	1	1	0	grace16	1/16	1		3	69	A4	4	226
23	21	61	61	0.5	0	0	3/4	2	1	1/8		1/8	1		4	52	E3	3	231
23	21	61	61	0.5	0	0	3/4	2	1	1/8		1/8	1		3	57	A3	3	231
23	21	61	61	0.5	0	0	3/4	1	1	1/8		1/8	1		7	61	C#4	4	227
23	21	61	61	0.5	0	0	3/4	1	1	1/8		1/8	1		1	67	G4	4	227
23	21	247/4	247/4	0.25	3/16	3/16	3/4	2	1	1/16		1/16	1		9	51	D#3	3	232
23	21	247/4	247/4	0.25	3/16	3/16	3/4	2	1	1/16		1/16	1		3	57	A3	3	232
23	21	247/4	247/4	0.25	3/16	3/16	3/4	1	1	1/16		1/16	1		7	61	C#4	4	228
23	21	247/4	247/4	0.25	3/16	3/16	3/4	1	1	1/16		1/16	1		6	66	F#4	4	228
23	21	62	62	1.0	1/4	1/4	3/4	2	1	1/4		1/4	1		4	52	E3	3	233
23	21	62	62	1.0	1/4	1/4	3/4	2	1	1/4		1/4	1		3	57	A3	3	233
23	21	62	62	1.0	1/4	1/4	3/4	1	1	1/4		1/4	1		7	61	C#4	4	229
23	21	62	62	1.0	1/4	1/4	3/4	1	1	1/4		1/4	1		1	67	G4	4	229
23	21	63	63	1.0	1/2	1/2	3/4	2	1	1/4		1/4	1		1	55	G3	3	234
23	21	63	63	1.0	1/2	1/2	3/4	2	1	1/4		1/4	1		3	57	A3	3	234
23	21	63	63	1.0	1/2	1/2	3/4	1	1	1/4		1/4	1		7	61	C#4	4	230
23	21	63	63	1.0	1/2	1/2	3/4	1	1	1/4		1/4	1		5	71	B4	4	230
24	22	64	64	0.5	0	0	3/4	2	1	1/8		1/8	1		6	54	F#3	3	237
24	22	64	64	0.5	0	0	3/4	2	1	1/8		1/8	1		3	57	A3	3	237
24	22	64	64	2.0	0	0	3/4	1	1	1/2		1/2	1		2	62	D4	4	235
24	22	64	64	2.0	0	0	3/4	1	1	1/2		1/2	1		3	69	A4	4	235
24	22	259/4	259/4	0.25	3/16	3/16	3/4	2	1	1/16		1/16	1		11	53	E#3	3	238
24	22	259/4	259/4	0.25	3/16	3/16	3/4	2	1	1/16		1/16	1		3	57	A3	3	238
24	22	65	65	1.0	1/4	1/4	3/4	2	1	1/4		1/4	1		6	54	F#3	3	239
24	22	65	65	1.0	1/4	1/4	3/4	2	1	1/4		1/4	1		3	57	A3	3	239
24	22	66	66	1.0	1/2	1/2	3/4	2	1	1/4		1/4	1		6	54	F#3	3	240
24	22	66	66	1.0	1/2	1/2	3/4	2	1	1/4		1/4	1		3	57	A3	3	240
24	22	66	66	1.0	1/2	1/2	3/4	1	1	1/4		1/4	1		3	69	A4	4	236
24	22	66	66	1.0	1/2	1/2	3/4	1	1	1/4		1/4	1		2	74	D5	5	236
25	23	67	67	0.5	0	0	3/4	2	1	1/8		1/8	1		4	52	E3	3	245
25	23	67	67	0.5	0	0	3/4	2	1	1/8		1/8	1		3	57	A3	3	245
25	23	67	67	0.5	0	0	3/4	1	1	1/8		1/8	1		1	67	G4	4	241
25	23	67	67	0.5	0	0	3/4	1	1	1/8		1/8	1		7	73	C#5	5	241
25	23	271/4	271/4	0.25	3/16	3/16	3/4	2	1	1/16		1/16	1		2	50	D3	3	246
25	23	271/4	271/4	0.25	3/16	3/16	3/4	2	1	1/16		1/16	1		3	57	A3	3	246
25	23	271/4	271/4	0.25	3/16	3/16	3/4	1	1	1/16		1/16	1		6	66	F#4	4	242
25	23	271/4	271/4	0.25	3/16	3/16	3/4	1	1	1/16		1/16	1		5	71	B4	4	242
25	23	68	68	1.0	1/4	1/4	3/4	2	1	1/4		1/4	1		7	49	C#3	3	247
25	23	68	68	1.0	1/4	1/4	3/4	2	1	1/4		1/4	1		3	57	A3	3	247
25	23	68	68	1.0	1/4	1/4	3/4	1	1	1/4		1/4	1		4	64	E4	4	243
25	23	68	68	1.0	1/4	1/4	3/4	1	1	1/4		1/4	1		3	69	A4	4	243
25	23	69	69	0.5	1/2	1/2	3/4	2	2	1/8		1/8	1		3	45	A2	2	249
25	23	69	69	1.0	1/2	1/2	3/4	2	1	1/4		1/4	1		3	57	A3	3	248
25	23	69	69	1.0	1/2	1/2	3/4	1	1	1/4		1/4	1		1	67	G4	4	244
25	23	69	69	1.0	1/2	1/2	3/4	1	1	1/4		1/4	1		3	69	A4	4	244
25	23	69	69	1.0	1/2	1/2	3/4	1	1	1/4		1/4	1		1	79	G5	5	244
25	23	139/2	139/2	0.5	5/8	5/8	3/4	2	2	1/8		1/8	1		7	49	C#3	3	250
26	24	70	70	0.5	0	0	3/4	2	1	1/8		1/8	1		2	50	D3	3	255
26	24	70	70	0.5	0	0	3/4	2	1	1/8		1/8	1		3	57	A3	3	255
26	24	70	70	0.5	0	0	3/4	1	1	1/8		1/8	1		6	66	F#4	4	251
26	24	70	70	0.5	0	0	3/4	1	1	1/8		1/8	1		2	74	D5	5	251
26	24	70	70	0.5	0	0	3/4	1	1	1/8		1/8	1		6	78	F#5	5	251
26	24	283/4	283/4	0.25	3/16	3/16	3/4	2	1	1/16		1/16	1		4	52	E3	3	256
26	24	283/4	283/4	0.25	3/16	3/16	3/4	2	1	1/16		1/16	1		3	57	A3	3	256
26	24	283/4	283/4	0.25	3/16	3/16	3/4	1	1	1/16		1/16	1		1	67	G4	4	252
26	24	283/4	283/4	0.25	3/16	3/16	3/4	1	1	1/16		1/16	1		7	73	C#5	5	252
26	24	283/4	283/4	0.25	3/16	3/16	3/4	1	1	1/16		1/16	1		4	76	E5	5	252
26	24	71	71	1.0	1/4	1/4	3/4	2	1	1/4		1/4	1		6	54	F#3	3	257
26	24	71	71	1.0	1/4	1/4	3/4	2	1	1/4		1/4	1		3	57	A3	3	257
26	24	71	71	1.0	1/4	1/4	3/4	1	1	1/4		1/4	1		3	69	A4	4	253
26	24	71	71	1.0	1/4	1/4	3/4	1	1	1/4		1/4	1		2	74	D5	5	253
26	24	72	72	1.0	1/2	1/2	3/4	2	1	1/4		1/4	1		2	50	D3	3	258
26	24	72	72	1.0	1/2	1/2	3/4	2	1	1/4		1/4	1		3	57	A3	3	258
26	24	72	72	1.0	1/2	1/2	3/4	1	1	1/4		1/4	1		2	62	D4	4	254
26	24	72	72	1.0	1/2	1/2	3/4	1	1	1/4		1/4	1		6	66	F#4	4	254
27	25	73	73	0.0	0	0	3/4	1	1	0	grace16	1/16	1		5	71	B4	4	259
27	25	73	73	0.0	0	0	3/4	1	1	0	grace16	1/16	1		3	69	A4	4	260
27	25	73	73	0.5	0	0	3/4	2	1	1/8		1/8	1		4	52	E3	3	267
27	25	73	73	0.5	0	0	3/4	2	1	1/8		1/8	1		3	57	A3	3	267
27	25	73	73	0.5	0	0	3/4	1	1	1/8		1/8	1		7	61	C#4	4	261
27	25	73	73	0.5	0	0	3/4	1	1	1/8		1/8	1		1	67	G4	4	261
27	25	295/4	295/4	0.25	3/16	3/16	3/4	2	1	1/16		1/16	1		9	51	D#3	3	268
27	25	295/4	295/4	0.25	3/16	3/16	3/4	2	1	1/16		1/16	1		3	57	A3	3	268
27	25	295/4	295/4	0.25	3/16	3/16	3/4	1	1	1/16		1/16	1		7	61	C#4	4	262
27	25	295/4	295/4	0.25	3/16	3/16	3/4	1	1	1/16		1/16	1		6	66	F#4	4	262
27	25	74	74	1.0	1/4	1/4	3/4	2	1	1/4		1/4	1		4	52	E3	3	269
27	25	74	74	1.0	1/4	1/4	3/4	2	1	1/4		1/4	1		3	57	A3	3	269
27	25	74	74	1.0	1/4	1/4	3/4	1	1	1/4		1/4	1		7	61	C#4	4	263
27	25	74	74	1.0	1/4	1/4	3/4	1	1	1/4		1/4	1		1	67	G4	4	263
27	25	75	75	1.0	1/2	1/2	3/4	2	1	1/4		1/4	1		1	55	G3	3	270
27	25	75	75	1.0	1/2	1/2	3/4	2	1	1/4		1/4	1		3	57	A3	3	270
27	25	75	75	1.0	1/2	1/2	3/4	1	2	1/4		1/4	1		7	61	C#4	4	266
27	25	75	75	0.75	1/2	1/2	3/4	1	1	3/16		1/8	3/2		5	71	B4	4	264
27	25	303/4	303/4	0.25	11/16	11/16	3/4	1	1	1/16		1/16	1		3	69	A4	4	265
28	26	76	76	2.0	0	0	3/4	2	2	1/2		1/2	1		6	54	F#3	3	284
28	26	76	76	0.5	0	0	3/4	2	1	1/8		1/8	1		3	57	A3	3	278
28	26	76	76	0.5	0	0	3/4	1	1	1/8		1/8	1		2	62	D4	4	271
28	26	76	76	0.5	0	0	3/4	1	1	1/8		1/8	1		3	69	A4	4	271
28	26	153/2	153/2	0.5	1/8	1/8	3/4	2	1	1/8		1/8	1		5	59	B3	3	279
28	26	153/2	153/2	0.5	1/8	1/8	3/4	1	1	1/8		1/8	1		5	71	B4	4	272
28	26	77	77	0.5	1/4	1/4	3/4	2	1	1/8		1/8	1		7	61	C#4	4	280
28	26	77	77	0.5	1/4	1/4	3/4	1	1	1/8		1/8	1		7	73	C#5	5	273
28	26	155/2	155/2	0.5	3/8	3/8	3/4	2	1	1/8		1/8	1		2	62	D4	4	281
28	26	155/2	155/2	0.5	3/8	3/8	3/4	1	1	1/8		1/8	1		2	74	D5	5	274
28	26	78	78	1.0	1/2	1/2	3/4	2	2	1/4		1/4	1		1	55	G3	3	285
28	26	78	78	0.5	1/2	1/2	3/4	2	1	1/8		1/8	1		2	62	D4	4	282
28	26	78	78	1.0	1/2	1/2	3/4	1	2	1/4		1/4	1		5	71	B4	4	277
28	26	78	78	0.5	1/2	1/2	3/4	1	1	1/8		1/8	1		2	74	D5	5	275
28	26	157/2	157/2	0.5	5/8	5/8	3/4	2	1	1/8		1/8	1		4	64	E4	4	283
28	26	157/2	157/2	0.5	5/8	5/8	3/4	1	1	1/8		1/8	1		4	76	E5	5	276
29	27	79	79	2.0	0	0	3/4	2	3	1/2		1/2	1		3	57	A3	3	296
29	27	79	79	3.0	0	0	3/4	2	2	3/4		1/2	3/2		3	57	A3	3	295
29	27	79	79	0.5	0	0	3/4	2	1	1/8		1/8	1		6	66	F#4	4	289
29	27	79	79	1.0	0	0	3/4	1	2	1/4		1/4	1		3	69	A4	4	288
29	27	79	79	2.0	0	0	3/4	1	1	1/2		1/2	1		6	78	F#5	5	286
29	27	159/2	159/2	0.5	1/8	1/8	3/4	2	1	1/8		1/8	1		1	67	G4	4	290
29	27	80	80	0.5	1/4	1/4	3/4	2	1	1/8		1/8	1		3	69	A4	4	291
29	27	161/2	161/2	0.5	3/8	3/8	3/4	2	1	1/8		1/8	1		5	71	B4	4	292
29	27	81	81	1.0	1/2	1/2	3/4	2	3	1/4		1/4	1	1	1	67	G4	4	297
29	27	81	81	0.5	1/2	1/2	3/4	2	1	1/8		1/8	1		5	71	B4	4	293
29	27	81	81	1.0	1/2	1/2	3/4	1	1	1/4		1/4	1	1	4	76	E5	5	287
29	27	163/2	163/2	0.5	5/8	5/8	3/4	2	1	1/8		1/8	1		7	73	C#5	5	294
30	28	82	82	2.0	0	0	3/4	2	2	1/2		1/2	1		2	62	D4	4	304
30	28	82	82	1.0	0	0	3/4	2	1	1/4		1/4	1	-1	1	67	G4	4	302
30	28	82	82	1.0	0	0	3/4	1	2	1/4		1/4	1		7	73	C#5	5	300
30	28	82	82	1.0	0	0	3/4	1	1	1/4		1/4	1	-1	4	76	E5	5	298
30	28	83	83	1.0	1/4	1/4	3/4	2	1	1/4		1/4	1		6	66	F#4	4	303
30	28	83	83	1.0	1/4	1/4	3/4	1	1	1/4		1/4	1		2	74	D5	5	299
30	28	83	83	1.0	1/4	1/4	3/4	1	2	1/4		1/4	1		2	74	D5	5	301
31	28	84	84	1.0	0	1/2	3/4	2	2	1/4		1/4	1		3	57	A3	3	310
31	28	84	84	0.5	0	1/2	3/4	2	1	1/8		1/8	1		4	64	E4	4	308
31	28	84	84	1.0	0	1/2	3/4	1	2	1/4		1/4	1		0	72	C5	5	307
31	28	84	84	0.5	0	1/2	3/4	1	1	1/8		1/8	1		4	76	E5	5	305
31	28	169/2	169/2	0.5	1/8	5/8	3/4	2	1	1/8		1/8	1		6	66	F#4	4	309
31	28	169/2	169/2	0.5	1/8	5/8	3/4	1	1	1/8		1/8	1		6	78	F#5	5	306
32	29	85	85	2.0	0	0	3/4	2	2	1/2		1/2	1		5	59	B3	3	325
32	29	85	85	0.5	0	0	3/4	2	1	1/8		1/8	1		1	67	G4	4	319
32	29	85	85	2.0	0	0	3/4	1	2	1/2		1/2	1		5	71	B4	4	317
32	29	85	85	0.5	0	0	3/4	1	1	1/8		1/8	1		1	79	G5	5	311
32	29	171/2	171/2	0.5	1/8	1/8	3/4	2	1	1/8		1/8	1		3	69	A4	4	320
32	29	171/2	171/2	0.5	1/8	1/8	3/4	1	1	1/8		1/8	1		3	81	A5	5	312
32	29	86	86	0.5	1/4	1/4	3/4	2	1	1/8		1/8	1		1	67	G4	4	321
32	29	86	86	0.5	1/4	1/4	3/4	1	1	1/8		1/8	1		1	79	G5	5	313
32	29	173/2	173/2	0.5	3/8	3/8	3/4	2	1	1/8		1/8	1		6	66	F#4	4	322
32	29	173/2	173/2	0.5	3/8	3/8	3/4	1	1	1/8		1/8	1		6	78	F#5	5	314
32	29	87	87	1.0	1/2	1/2	3/4	2	2	1/4		1/4	1		5	59	B3	3	326
32	29	87	87	0.5	1/2	1/2	3/4	2	1	1/8		1/8	1		1	67	G4	4	323
32	29	87	87	1.0	1/2	1/2	3/4	1	2	1/4		1/4	1		9	75	D#5	5	318
32	29	87	87	0.5	1/2	1/2	3/4	1	1	1/8		1/8	1		1	79	G5	5	315
32	29	175/2	175/2	0.5	5/8	5/8	3/4	2	1	1/8		1/8	1		6	66	F#4	4	324
32	29	175/2	175/2	0.5	5/8	5/8	3/4	1	1	1/8		1/8	1		6	78	F#5	5	316
33	30	88	88	0.5	0	0	3/4	2	2	1/8		1/8	1		0	60	C4	4	334
33	30	88	88	2.0	0	0	3/4	2	1	1/2		1/2	1		4	64	E4	4	332
33	30	88	88	2.0	0	0	3/4	1	2	1/2		1/2	1		0	72	C5	5	330
33	30	88	88	2.0	0	0	3/4	1	1	1/2		1/2	1		4	76	E5	5	327
33	30	177/2	177/2	0.5	1/8	1/8	3/4	2	2	1/8		1/8	1		5	59	B3	3	335
33	30	89	89	0.5	1/4	1/4	3/4	2	2	1/8		1/8	1		3	57	A3	3	336
33	30	179/2	179/2	0.5	3/8	3/8	3/4	2	2	1/8		1/8	1		1	55	G3	3	337
33	30	90	90	0.5	1/2	1/2	3/4	2	2	1/8		1/8	1		1	55	G3	3	338
33	30	90	90	1.0	1/2	1/2	3/4	2	1	1/4		1/4	1	1	2	62	D4	4	333
33	30	90	90	1.0	1/2	1/2	3/4	1	2	1/4		1/4	1		3	69	A4	4	331
33	30	90	90	0.5	1/2	1/2	3/4	1	1	1/8		1/8	1		2	74	D5	5	328
33	30	181/2	181/2	0.5	5/8	5/8	3/4	2	2	1/8		1/8	1		6	54	F#3	3	339
33	30	181/2	181/2	0.5	5/8	5/8	3/4	1	1	1/8		1/8	1		0	72	C5	5	329
34	31	91	91	0.5	0	0	3/4	2	2	1/8		1/8	1		1	55	G3	3	351
34	31	91	91	1.0	0	0	3/4	2	1	1/4		1/4	1	-1	2	62	D4	4	348
34	31	91	91	1.0	0	0	3/4	1	2	1/4		1/4	1		1	67	G4	4	343
34	31	91	91	1.0	0	0	3/4	1	1	1/4		1/4	1		5	71	B4	4	340
34	31	183/2	183/2	0.5	1/8	1/8	3/4	2	2	1/8		1/8	1		6	54	F#3	3	352
34	31	92	92	0.5	1/4	1/4	3/4	2	2	1/8		1/8	1		4	52	E3	3	353
34	31	92	92	1.0	1/4	1/4	3/4	2	1	1/4		1/4	1		0	60	C4	4	349
34	31	92	92	0.5	1/4	1/4	3/4	1	2	1/8		1/8	1		1	67	G4	4	344
34	31	92	92	1.0	1/4	1/4	3/4	1	1	1/4		1/4	1		0	72	C5	5	341
34	31	185/2	185/2	0.5	3/8	3/8	3/4	2	2	1/8		1/8	1		6	54	F#3	3	354
34	31	185/2	185/2	0.5	3/8	3/8	3/4	1	2	1/8		1/8	1		3	69	A4	4	345
34	31	93	93	0.5	1/2	1/2	3/4	2	2	1/8		1/8	1		1	55	G3	3	355
34	31	93	93	1.0	1/2	1/2	3/4	2	1	1/4		1/4	1		5	59	B3	3	350
34	31	93	93	0.5	1/2	1/2	3/4	1	2	1/8		1/8	1		2	62	D4	4	346
34	31	93	93	0.5	1/2	1/2	3/4	1	2	1/8		1/8	1		3	69	A4	4	346
34	31	93	93	1.0	1/2	1/2	3/4	1	1	1/4		1/4	1		5	71	B4	4	342
34	31	187/2	187/2	0.5	5/8	5/8	3/4	2	2	1/8		1/8	1		2	50	D3	3	356
34	31	187/2	187/2	0.5	5/8	5/8	3/4	1	2	1/8		1/8	1		1	67	G4	4	347
35	32	94	94	2.0	0	0	3/4	2	2	1/2		1/2	1		2	50	D3	3	367
35	32	94	94	0.5	0	0	3/4	2	3	1/8		1/8	1		1	55	G3	3	370
35	32	94	94	2.0	0	0	3/4	2	1	1/2		1/2	1		3	57	A3	3	365
35	32	94	94	0.5	0	0	3/4	1	2	1/8		1/8	1		2	62	D4	4	359
35	32	94	94	0.5	0	0	3/4	1	2	1/8		1/8	1		1	67	G4	4	359
35	32	94	94	2.0	0	0	3/4	1	1	1/2		1/2	1		3	69	A4	4	357
35	32	189/2	189/2	0.5	1/8	1/8	3/4	2	3	1/8		1/8	1		6	54	F#3	3	371
35	32	189/2	189/2	0.5	1/8	1/8	3/4	1	2	1/8		1/8	1		6	66	F#4	4	360
35	32	95	95	0.5	1/4	1/4	3/4	2	3	1/8		1/8	1		4	52	E3	3	372
35	32	95	95	0.5	1/4	1/4	3/4	1	2	1/8		1/8	1		4	64	E4	4	361
35	32	191/2	191/2	0.5	3/8	3/8	3/4	2	3	1/8		1/8	1		2	50	D3	3	373
35	32	191/2	191/2	0.5	3/8	3/8	3/4	1	2	1/8		1/8	1		2	62	D4	4	362
35	32	96	96	0.5	1/2	1/2	3/4	2	2	1/8		1/8	1		2	50	D3	3	368
35	32	96	96	1.0	1/2	1/2	3/4	2	1	1/4		1/4	1		3	57	A3	3	366
35	32	96	96	0.5	1/2	1/2	3/4	1	2	1/8		1/8	1		2	62	D4	4	363
35	32	96	96	1.0	1/2	1/2	3/4	1	1	1/4		1/4	1		3	69	A4	4	358
35	32	193/2	193/2	0.5	5/8	5/8	3/4	2	2	1/8		1/8	1		9	51	D#3	3	369
35	32	193/2	193/2	0.5	5/8	5/8	3/4	1	2	1/8		1/8	1		12	60	B#3	3	364
36	33	97	97	0.0	0	0	3/4	1	1	0	grace16	1/16	1		5	71	B4	4	374
36	33	97	97	0.0	0	0	3/4	1	1	0	grace16	1/16	1		3	69	A4	4	375
36	33	97	97	0.5	0	0	3/4	2	1	1/8		1/8	1		4	52	E3	3	380
36	33	97	97	0.5	0	0	3/4	2	1	1/8		1/8	1		3	57	A3	3	380
36	33	97	97	0.5	0	0	3/4	1	1	1/8		1/8	1		7	61	C#4	4	376
36	33	97	97	0.5	0	0	3/4	1	1	1/8		1/8	1		1	67	G4	4	376
36	33	391/4	391/4	0.25	3/16	3/16	3/4	2	1	1/16		1/16	1		9	51	D#3	3	381
36	33	391/4	391/4	0.25	3/16	3/16	3/4	2	1	1/16		1/16	1		3	57	A3	3	381
36	33	391/4	391/4	0.25	3/16	3/16	3/4	1	1	1/16		1/16	1		7	61	C#4	4	377
36	33	391/4	391/4	0.25	3/16	3/16	3/4	1	1	1/16		1/16	1		6	66	F#4	4	377
36	33	98	98	1.0	1/4	1/4	3/4	2	1	1/4		1/4	1		4	52	E3	3	382
36	33	98	98	1.0	1/4	1/4	3/4	2	1	1/4		1/4	1		3	57	A3	3	382
36	33	98	98	1.0	1/4	1/4	3/4	1	1	1/4		1/4	1		7	61	C#4	4	378
36	33	98	98	1.0	1/4	1/4	3/4	1	1	1/4		1/4	1		1	67	G4	4	378
36	33	99	99	1.0	1/2	1/2	3/4	2	1	1/4		1/4	1		1	55	G3	3	383
36	33	99	99	1.0	1/2	1/2	3/4	2	1	1/4		1/4	1		3	57	A3	3	383
36	33	99	99	1.0	1/2	1/2	3/4	1	1	1/4		1/4	1		7	61	C#4	4	379
36	33	99	99	1.0	1/2	1/2	3/4	1	1	1/4		1/4	1		5	71	B4	4	379
37	34	100	100	0.5	0	0	3/4	2	1	1/8		1/8	1		6	54	F#3	3	386
37	34	100	100	0.5	0	0	3/4	2	1	1/8		1/8	1		3	57	A3	3	386
37	34	100	100	2.0	0	0	3/4	1	1	1/2		1/2	1		2	62	D4	4	384
37	34	100	100	2.0	0	0	3/4	1	1	1/2		1/2	1		3	69	A4	4	384
37	34	403/4	403/4	0.25	3/16	3/16	3/4	2	1	1/16		1/16	1		11	53	E#3	3	387
37	34	403/4	403/4	0.25	3/16	3/16	3/4	2	1	1/16		1/16	1		3	57	A3	3	387
37	34	101	101	1.0	1/4	1/4	3/4	2	1	1/4		1/4	1		6	54	F#3	3	388
37	34	101	101	1.0	1/4	1/4	3/4	2	1	1/4		1/4	1		3	57	A3	3	388
37	34	102	102	1.0	1/2	1/2	3/4	2	1	1/4		1/4	1		6	54	F#3	3	389
37	34	102	102	1.0	1/2	1/2	3/4	2	1	1/4		1/4	1		3	57	A3	3	389
37	34	102	102	1.0	1/2	1/2	3/4	1	1	1/4		1/4	1		3	69	A4	4	385
37	34	102	102	1.0	1/2	1/2	3/4	1	1	1/4		1/4	1		2	74	D5	5	385
38	35	103	103	0.5	0	0	3/4	2	1	1/8		1/8	1		4	52	E3	3	394
38	35	103	103	0.5	0	0	3/4	2	1	1/8		1/8	1		3	57	A3	3	394
38	35	103	103	0.5	0	0	3/4	1	1	1/8		1/8	1		1	67	G4	4	390
38	35	103	103	0.5	0	0	3/4	1	1	1/8		1/8	1		7	73	C#5	5	390
38	35	415/4	415/4	0.25	3/16	3/16	3/4	2	1	1/16		1/16	1		2	50	D3	3	395
38	35	415/4	415/4	0.25	3/16	3/16	3/4	2	1	1/16		1/16	1		3	57	A3	3	395
38	35	415/4	415/4	0.25	3/16	3/16	3/4	1	1	1/16		1/16	1		6	66	F#4	4	391
38	35	415/4	415/4	0.25	3/16	3/16	3/4	1	1	1/16		1/16	1		5	71	B4	4	391
38	35	104	104	1.0	1/4	1/4	3/4	2	1	1/4		1/4	1		7	49	C#3	3	396
38	35	104	104	1.0	1/4	1/4	3/4	2	1	1/4		1/4	1		3	57	A3	3	396
38	35	104	104	1.0	1/4	1/4	3/4	1	1	1/4		1/4	1		4	64	E4	4	392
38	35	104	104	1.0	1/4	1/4	3/4	1	1	1/4		1/4	1		3	69	A4	4	392
38	35	105	105	0.5	1/2	1/2	3/4	2	2	1/8		1/8	1		3	45	A2	2	398
38	35	105	105	1.0	1/2	1/2	3/4	2	1	1/4		1/4	1		3	57	A3	3	397
38	35	105	105	1.0	1/2	1/2	3/4	1	1	1/4		1/4	1		1	67	G4	4	393
38	35	105	105	1.0	1/2	1/2	3/4	1	1	1/4		1/4	1		3	69	A4	4	393
38	35	105	105	1.0	1/2	1/2	3/4	1	1	1/4		1/4	1		1	79	G5	5	393
38	35	211/2	211/2	0.5	5/8	5/8	3/4	2	2	1/8		1/8	1		7	49	C#3	3	399
39	36	106	106	0.5	0	0	3/4	2	1	1/8		1/8	1		2	50	D3	3	404
39	36	106	106	0.5	0	0	3/4	2	1	1/8		1/8	1		3	57	A3	3	404
39	36	106	106	0.5	0	0	3/4	1	1	1/8		1/8	1		6	66	F#4	4	400
39	36	106	106	0.5	0	0	3/4	1	1	1/8		1/8	1		2	74	D5	5	400
39	36	106	106	0.5	0	0	3/4	1	1	1/8		1/8	1		6	78	F#5	5	400
39	36	427/4	427/4	0.25	3/16	3/16	3/4	2	1	1/16		1/16	1		4	52	E3	3	405
39	36	427/4	427/4	0.25	3/16	3/16	3/4	2	1	1/16		1/16	1		3	57	A3	3	405
39	36	427/4	427/4	0.25	3/16	3/16	3/4	1	1	1/16		1/16	1		1	67	G4	4	401
39	36	427/4	427/4	0.25	3/16	3/16	3/4	1	1	1/16		1/16	1		7	73	C#5	5	401
39	36	427/4	427/4	0.25	3/16	3/16	3/4	1	1	1/16		1/16	1		4	76	E5	5	401
39	36	107	107	1.0	1/4	1/4	3/4	2	1	1/4		1/4	1		6	54	F#3	3	406
39	36	107	107	1.0	1/4	1/4	3/4	2	1	1/4		1/4	1		3	57	A3	3	406
39	36	107	107	1.0	1/4	1/4	3/4	1	1	1/4		1/4	1		3	69	A4	4	402
39	36	107	107	1.0	1/4	1/4	3/4	1	1	1/4		1/4	1		2	74	D5	5	402
39	36	108	108	1.0	1/2	1/2	3/4	2	1	1/4		1/4	1		2	50	D3	3	407
39	36	108	108	1.0	1/2	1/2	3/4	2	1	1/4		1/4	1		3	57	A3	3	407
39	36	108	108	1.0	1/2	1/2	3/4	1	1	1/4		1/4	1		2	62	D4	4	403
39	36	108	108	1.0	1/2	1/2	3/4	1	1	1/4		1/4	1		6	66	F#4	4	403
40	37	109	109	0.0	0	0	3/4	1	1	0	grace16	1/16	1		5	71	B4	4	408
40	37	109	109	0.0	0	0	3/4	1	1	0	grace16	1/16	1		3	69	A4	4	409
40	37	109	109	0.5	0	0	3/4	2	1	1/8		1/8	1		4	52	E3	3	416
40	37	109	109	0.5	0	0	3/4	2	1	1/8		1/8	1		3	57	A3	3	416
40	37	109	109	0.5	0	0	3/4	1	1	1/8		1/8	1		7	61	C#4	4	410
40	37	109	109	0.5	0	0	3/4	1	1	1/8		1/8	1		1	67	G4	4	410
40	37	439/4	439/4	0.25	3/16	3/16	3/4	2	1	1/16		1/16	1		9	51	D#3	3	417
40	37	439/4	439/4	0.25	3/16	3/16	3/4	2	1	1/16		1/16	1		3	57	A3	3	417
40	37	439/4	439/4	0.25	3/16	3/16	3/4	1	1	1/16		1/16	1		7	61	C#4	4	411
40	37	439/4	439/4	0.25	3/16	3/16	3/4	1	1	1/16		1/16	1		6	66	F#4	4	411
40	37	110	110	1.0	1/4	1/4	3/4	2	1	1/4		1/4	1		4	52	E3	3	418
40	37	110	110	1.0	1/4	1/4	3/4	2	1	1/4		1/4	1		3	57	A3	3	418
40	37	110	110	1.0	1/4	1/4	3/4	1	1	1/4		1/4	1		7	61	C#4	4	412
40	37	110	110	1.0	1/4	1/4	3/4	1	1	1/4		1/4	1		1	67	G4	4	412
40	37	111	111	1.0	1/2	1/2	3/4	2	1	1/4		1/4	1		1	55	G3	3	419
40	37	111	111	1.0	1/2	1/2	3/4	2	1	1/4		1/4	1		3	57	A3	3	419
40	37	111	111	1.0	1/2	1/2	3/4	1	2	1/4		1/4	1		7	61	C#4	4	415
40	37	111	111	0.75	1/2	1/2	3/4	1	1	3/16		1/8	3/2		5	71	B4	4	413
40	37	447/4	447/4	0.25	11/16	11/16	3/4	1	1	1/16		1/16	1		3	69	A4	4	414
41	38	112	112	2.0	0	0	3/4	2	2	1/2		1/2	1		6	54	F#3	3	433
41	38	112	112	0.5	0	0	3/4	2	1	1/8		1/8	1		3	57	A3	3	427
41	38	112	112	0.5	0	0	3/4	1	1	1/8		1/8	1		2	62	D4	4	420
41	38	112	112	0.5	0	0	3/4	1	1	1/8		1/8	1		3	69	A4	4	420
41	38	225/2	225/2	0.5	1/8	1/8	3/4	2	1	1/8		1/8	1		5	59	B3	3	428
41	38	225/2	225/2	0.5	1/8	1/8	3/4	1	1	1/8		1/8	1		5	71	B4	4	421
41	38	113	113	0.5	1/4	1/4	3/4	2	1	1/8		1/8	1		7	61	C#4	4	429
41	38	113	113	0.5	1/4	1/4	3/4	1	1	1/8		1/8	1		7	73	C#5	5	422
41	38	227/2	227/2	0.5	3/8	3/8	3/4	2	1	1/8		1/8	1		2	62	D4	4	430
41	38	227/2	227/2	0.5	3/8	3/8	3/4	1	1	1/8		1/8	1		2	74	D5	5	423
41	38	114	114	1.0	1/2	1/2	3/4	2	2	1/4		1/4	1		1	55	G3	3	434
41	38	114	114	0.5	1/2	1/2	3/4	2	1	1/8		1/8	1		2	62	D4	4	431
41	38	114	114	1.0	1/2	1/2	3/4	1	2	1/4		1/4	1		5	71	B4	4	426
41	38	114	114	0.5	1/2	1/2	3/4	1	1	1/8		1/8	1		2	74	D5	5	424
41	38	229/2	229/2	0.5	5/8	5/8	3/4	2	1	1/8		1/8	1		4	64	E4	4	432
41	38	229/2	229/2	0.5	5/8	5/8	3/4	1	1	1/8		1/8	1		4	76	E5	5	425
42	39	115	115	2.0	0	0	3/4	2	3	1/2		1/2	1		3	57	A3	3	445
42	39	115	115	3.0	0	0	3/4	2	2	3/4		1/2	3/2		3	57	A3	3	444
42	39	115	115	0.5	0	0	3/4	2	1	1/8		1/8	1		6	66	F#4	4	438
42	39	115	115	1.0	0	0	3/4	1	2	1/4		1/4	1		3	69	A4	4	437
42	39	115	115	2.0	0	0	3/4	1	1	1/2		1/2	1		6	78	F#5	5	435
42	39	231/2	231/2	0.5	1/8	1/8	3/4	2	1	1/8		1/8	1		1	67	G4	4	439
42	39	116	116	0.5	1/4	1/4	3/4	2	1	1/8		1/8	1		3	69	A4	4	440
42	39	233/2	233/2	0.5	3/8	3/8	3/4	2	1	1/8		1/8	1		5	71	B4	4	441
42	39	117	117	1.0	1/2	1/2	3/4	2	3	1/4		1/4	1	1	1	67	G4	4	446
42	39	117	117	0.5	1/2	1/2	3/4	2	1	1/8		1/8	1		5	71	B4	4	442
42	39	117	117	1.0	1/2	1/2	3/4	1	1	1/4		1/4	1	1	4	76	E5	5	436
42	39	235/2	235/2	0.5	5/8	5/8	3/4	2	1	1/8		1/8	1		7	73	C#5	5	443
43	40	118	118	2.0	0	0	3/4	2	2	1/2		1/2	1		2	62	D4	4	453
43	40	118	118	1.0	0	0	3/4	2	1	1/4		1/4	1	-1	1	67	G4	4	451
43	40	118	118	1.0	0	0	3/4	1	2	1/4		1/4	1		7	73	C#5	5	449
43	40	118	118	1.0	0	0	3/4	1	1	1/4		1/4	1	-1	4	76	E5	5	447
43	40	119	119	1.0	1/4	1/4	3/4	2	1	1/4		1/4	1		6	66	F#4	4	452
43	40	119	119	1.0	1/4	1/4	3/4	1	1	1/4		1/4	1		2	74	D5	5	448
43	40	119	119	1.0	1/4	1/4	3/4	1	2	1/4		1/4	1		2	74	D5	5	450
